text,label
"Hi HR, I'd like to request a vacation day for this Friday.",0
"Following up on my benefits enrollment.",0
"What is the company policy on remote work?",0
"Submitting my expense report for the trip last week.",0
"Hi team, I'll be out of office next Monday.",0
"What is the process for submitting an expense report?",0
"Can I get an update on my benefits enrollment status?",0
"Requesting leave from July 10th to July 15th for a personal trip.",0
"The printer on the 4th floor is broken again.",0
"Following up on the project status meeting from this morning.",0
"Where can I find the company's holiday schedule for this year?",0
"My laptop is running slow, I've created an IT ticket.",0
"Confirming my attendance for the all-hands meeting on Wednesday.",0
"Please update my contact information in the directory.",0
"I have a question about the new dental plan.",0
"When is the deadline for the performance self-review?",0
"I'd like to sign up for the new project management training workshop.",0
"Just a reminder about our team lunch on Friday.",0
"Attached is my timesheet for this pay period.",0
"What's the dress code for the client visit next week?",0
"I need to book a conference room for 3 PM tomorrow.",0
"Can you resend the link to the employee handbook?",0
"My keycard isn't working for the main door.",0
"I've completed the mandatory compliance training.",0
"How do I file for a flexible spending account?",0
"Can we schedule a private meeting to discuss my future here?",1
"I'm feeling very burnt out and unsupported in my current role.",1
"I have received an interesting offer and would like to talk about my compensation.",1
"I need to talk to you about my career path and growth opportunities.",1
"Requesting a confidential chat to discuss my position.",1
"I'm not feeling challenged anymore and need to explore my options.",1
"I need to discuss a personal matter that is affecting my work and future here.",1
"Can we set up a time to talk about my role and responsibilities?",1
"I'm writing to you because I am seriously re-evaluating my career goals.",1
"I'd like to discuss the current team structure and my place in it.",1
"I am struggling with the work-life balance and it is becoming unsustainable.",1
"I've been networking and looking at other opportunities outside the company.",1
"I need to schedule a meeting to talk about my salary and the current market rate.",1
"My morale has been very low lately and I wanted to talk to someone.",1
"I'm not sure this role is the right fit for me long-term.",1
"I need to understand what my future at this company looks like.",1
"Can we have a formal discussion about my performance, compensation, and path forward?",1
"I've updated my resume and LinkedIn, and wanted to discuss my career trajectory.",1
"I'm facing some serious issues with my manager and I'm not sure what to do.",1
"I've been interviewing with another company and I'm expecting an offer soon.",1
"I need to take some personal time off to consider my options.",1
"This has been a difficult decision, but I need to talk about my last day.",1
"The job has changed significantly from what I was hired for and I'm not happy.",1
"I am feeling undervalued and need to discuss my contribution.",1
"I need to talk to HR about an internal opportunity, or possibly an external one.",1